doctor,appointment_date,appointments
Dr. Singh,2025-04-19,1
Dr. Singh,2025-04-23,1
Dr. Singh,2025-04-11,1
Dr. Sharma,2025-04-18,1
Dr. Khan,2025-04-16,1
Dr. Patel,2025-04-29,1
Dr. Khan,2025-05-02,1
Dr. Sharma,2025-05-04,1
Dr. Patel,2025-04-21,1
Dr. Khan,2025-04-20,1
Dr. Sharma,2025-04-30,1
Dr. Patel,2025-05-07,1
Dr. Patel,2025-04-13,1
Dr. Singh,2025-04-27,1
Dr. Sharma,2025-04-26,1
Dr. Sharma,2025-04-10,1
Dr. Patel,2025-05-03,1
Dr. Khan,2025-05-06,1
Dr. Khan,2025-04-24,1
Dr. Singh,2025-05-01,1
Dr. Khan,2025-04-12,1
Dr. Sharma,2025-05-08,1
Dr. Singh,2025-04-15,1
Dr. Singh,2025-05-05,1
Dr. Patel,2025-04-17,1
Dr. Sharma,2025-04-14,1
Dr. Patel,2025-04-25,1
Dr. Sharma,2025-04-22,1
Dr. Khan,2025-04-28,1
Dr. Singh,2025-05-09,1
